{
  "users": [
    {
      "id": "1",
      "firstName": "FirstName1",
      "lastName": "LastName1"
    },
    {
      "id": "2",
      "firstName": "FirstName2",
      "lastName": "LastName2"
    },
    {
      "id": "3",
      "firstName": "FirstName3",
      "lastName": "LastName3"
    },
    {
      "id": "4",
      "firstName": "FirstName4",
      "lastName": "LastName4"
    }
  ],
  "books": [
    {
      "id": "1",
      "name": "BookName1",
      "author": "Author1",
      "numPages": 904
    },
    {
      "id": "2",
      "name": "BookName2",
      "author": "Author2",
      "numPages": 734
    },
    {
      "id": "3",
      "name": "BookName3",
      "author": "Author3",
      "numPages": 554
    },
    {
      "id": "4",
      "name": "BookName4",
      "author": "Author4",
      "numPages": 305
    },
    {
      "id": "5",
      "name": "BookName5",
      "author": "Author5",
      "numPages": 345
    },
    {
      "id": "6",
      "name": "BookName6",
      "author": "Author6",
      "numPages": 373
    },
    {
      "id": "7",
      "name": "BookName7",
      "author": "Author7",
      "numPages": 346
    },
    {
      "id": "8",
      "name": "BookName8",
      "author": "Author8",
      "numPages": 209
    },
    {
      "id": "9",
      "name": "BookName9",
      "author": "Author9",
      "numPages": 188
    },
    {
      "id": "10",
      "name": "BookName10",
      "author": "Author10",
      "numPages": 794
    },
    {
      "id": "11",
      "name": "BookName11",
      "author": "Author11",
      "numPages": 1025
    },
    {
      "id": "12",
      "name": "BookName12",
      "author": "Author12",
      "numPages": 712
    },
    {
      "id": "13",
      "name": "BookName13",
      "author": "Author13",
      "numPages": 898
    },
    {
      "id": "14",
      "name": "BookName14",
      "author": "Author14",
      "numPages": 329
    },
    {
      "id": "15",
      "name": "BookName15",
      "author": "Author15",
      "numPages": 568
    },
    {
      "id": "16",
      "name": "BookName16",
      "author": "Author16",
      "numPages": 158
    },
    {
      "id": "17",
      "name": "BookName17",
      "author": "Author17",
      "numPages": 632
    },
    {
      "id": "18",
      "name": "BookName18",
      "author": "Author18",
      "numPages": 466
    },
    {
      "id": "19",
      "name": "BookName19",
      "author": "Author19",
      "numPages": 312
    },
    {
      "id": "20",
      "name": "BookName20",
      "author": "Author20",
      "numPages": 704
    },
    {
      "id": "21",
      "name": "BookName21",
      "author": "Author21",
      "numPages": 1021
    },
    {
      "id": "22",
      "name": "BookName22",
      "author": "Author22",
      "numPages": 1037
    },
    {
      "id": "23",
      "name": "BookName23",
      "author": "Author23",
      "numPages": 522
    },
    {
      "id": "24",
      "name": "BookName24",
      "author": "Author24",
      "numPages": 977
    },
    {
      "id": "25",
      "name": "BookName25",
      "author": "Author25",
      "numPages": 367
    },
    {
      "id": "26",
      "name": "BookName26",
      "author": "Author26",
      "numPages": 457
    },
    {
      "id": "27",
      "name": "BookName27",
      "author": "Author27",
      "numPages": 865
    },
    {
      "id": "28",
      "name": "BookName28",
      "author": "Author28",
      "numPages": 277
    },
    {
      "id": "29",
      "name": "BookName29",
      "author": "Author29",
      "numPages": 866
    },
    {
      "id": "30",
      "name": "BookName30",
      "author": "Author30",
      "numPages": 989
    },
    {
      "id": "31",
      "name": "BookName31",
      "author": "Author31",
      "numPages": 409
    },
    {
      "id": "32",
      "name": "BookName32",
      "author": "Author32",
      "numPages": 787
    },
    {
      "id": "33",
      "name": "BookName33",
      "author": "Author33",
      "numPages": 240
    },
    {
      "id": "34",
      "name": "BookName34",
      "author": "Author34",
      "numPages": 883
    },
    {
      "id": "35",
      "name": "BookName35",
      "author": "Author35",
      "numPages": 174
    },
    {
      "id": "36",
      "name": "BookName36",
      "author": "Author36",
      "numPages": 829
    },
    {
      "id": "37",
      "name": "BookName37",
      "author": "Author37",
      "numPages": 753
    },
    {
      "id": "38",
      "name": "BookName38",
      "author": "Author38",
      "numPages": 286
    },
    {
      "id": "39",
      "name": "BookName39",
      "author": "Author39",
      "numPages": 989
    },
    {
      "id": "40",
      "name": "BookName40",
      "author": "Author40",
      "numPages": 204
    },
    {
      "id": "41",
      "name": "BookName41",
      "author": "Author41",
      "numPages": 774
    },
    {
      "id": "42",
      "name": "BookName42",
      "author": "Author42",
      "numPages": 463
    },
    {
      "id": "43",
      "name": "BookName43",
      "author": "Author43",
      "numPages": 810
    },
    {
      "id": "44",
      "name": "BookName44",
      "author": "Author44",
      "numPages": 380
    },
    {
      "id": "45",
      "name": "BookName45",
      "author": "Author45",
      "numPages": 307
    },
    {
      "id": "46",
      "name": "BookName46",
      "author": "Author46",
      "numPages": 325
    },
    {
      "id": "47",
      "name": "BookName47",
      "author": "Author47",
      "numPages": 440
    },
    {
      "id": "48",
      "name": "BookName48",
      "author": "Author48",
      "numPages": 1053
    },
    {
      "id": "49",
      "name": "BookName49",
      "author": "Author49",
      "numPages": 435
    },
    {
      "id": "50",
      "name": "BookName50",
      "author": "Author50",
      "numPages": 540
    },
    {
      "id": "51",
      "name": "BookName51",
      "author": "Author51",
      "numPages": 1073
    },
    {
      "id": "52",
      "name": "BookName52",
      "author": "Author52",
      "numPages": 200
    },
    {
      "id": "53",
      "name": "BookName53",
      "author": "Author53",
      "numPages": 164
    },
    {
      "id": "54",
      "name": "BookName54",
      "author": "Author54",
      "numPages": 211
    },
    {
      "id": "55",
      "name": "BookName55",
      "author": "Author55",
      "numPages": 866
    },
    {
      "id": "56",
      "name": "BookName56",
      "author": "Author56",
      "numPages": 380
    },
    {
      "id": "57",
      "name": "BookName57",
      "author": "Author57",
      "numPages": 822
    },
    {
      "id": "58",
      "name": "BookName58",
      "author": "Author58",
      "numPages": 551
    },
    {
      "id": "59",
      "name": "BookName59",
      "author": "Author59",
      "numPages": 1047
    },
    {
      "id": "60",
      "name": "BookName60",
      "author": "Author60",
      "numPages": 938
    },
    {
      "id": "61",
      "name": "BookName61",
      "author": "Author61",
      "numPages": 339
    },
    {
      "id": "62",
      "name": "BookName62",
      "author": "Author62",
      "numPages": 1058
    },
    {
      "id": "63",
      "name": "BookName63",
      "author": "Author63",
      "numPages": 821
    },
    {
      "id": "64",
      "name": "BookName64",
      "author": "Author64",
      "numPages": 455
    },
    {
      "id": "65",
      "name": "BookName65",
      "author": "Author65",
      "numPages": 276
    },
    {
      "id": "66",
      "name": "BookName66",
      "author": "Author66",
      "numPages": 337
    },
    {
      "id": "67",
      "name": "BookName67",
      "author": "Author67",
      "numPages": 570
    },
    {
      "id": "68",
      "name": "BookName68",
      "author": "Author68",
      "numPages": 114
    },
    {
      "id": "69",
      "name": "BookName69",
      "author": "Author69",
      "numPages": 170
    },
    {
      "id": "70",
      "name": "BookName70",
      "author": "Author70",
      "numPages": 117
    },
    {
      "id": "71",
      "name": "BookName71",
      "author": "Author71",
      "numPages": 861
    },
    {
      "id": "72",
      "name": "BookName72",
      "author": "Author72",
      "numPages": 363
    },
    {
      "id": "73",
      "name": "BookName73",
      "author": "Author73",
      "numPages": 140
    },
    {
      "id": "74",
      "name": "BookName74",
      "author": "Author74",
      "numPages": 435
    },
    {
      "id": "75",
      "name": "BookName75",
      "author": "Author75",
      "numPages": 243
    },
    {
      "id": "76",
      "name": "BookName76",
      "author": "Author76",
      "numPages": 728
    },
    {
      "id": "77",
      "name": "BookName77",
      "author": "Author77",
      "numPages": 648
    },
    {
      "id": "78",
      "name": "BookName78",
      "author": "Author78",
      "numPages": 443
    },
    {
      "id": "79",
      "name": "BookName79",
      "author": "Author79",
      "numPages": 958
    },
    {
      "id": "80",
      "name": "BookName80",
      "author": "Author80",
      "numPages": 428
    },
    {
      "id": "81",
      "name": "BookName81",
      "author": "Author81",
      "numPages": 230
    },
    {
      "id": "82",
      "name": "BookName82",
      "author": "Author82",
      "numPages": 868
    },
    {
      "id": "83",
      "name": "BookName83",
      "author": "Author83",
      "numPages": 987
    },
    {
      "id": "84",
      "name": "BookName84",
      "author": "Author84",
      "numPages": 772
    },
    {
      "id": "85",
      "name": "BookName85",
      "author": "Author85",
      "numPages": 864
    },
    {
      "id": "86",
      "name": "BookName86",
      "author": "Author86",
      "numPages": 767
    },
    {
      "id": "87",
      "name": "BookName87",
      "author": "Author87",
      "numPages": 1063
    },
    {
      "id": "88",
      "name": "BookName88",
      "author": "Author88",
      "numPages": 1017
    },
    {
      "id": "89",
      "name": "BookName89",
      "author": "Author89",
      "numPages": 319
    },
    {
      "id": "90",
      "name": "BookName90",
      "author": "Author90",
      "numPages": 606
    },
    {
      "id": "91",
      "name": "BookName91",
      "author": "Author91",
      "numPages": 456
    },
    {
      "id": "92",
      "name": "BookName92",
      "author": "Author92",
      "numPages": 780
    },
    {
      "id": "93",
      "name": "BookName93",
      "author": "Author93",
      "numPages": 483
    },
    {
      "id": "94",
      "name": "BookName94",
      "author": "Author94",
      "numPages": 733
    },
    {
      "id": "95",
      "name": "BookName95",
      "author": "Author95",
      "numPages": 699
    },
    {
      "id": "96",
      "name": "BookName96",
      "author": "Author96",
      "numPages": 525
    },
    {
      "id": "97",
      "name": "BookName97",
      "author": "Author97",
      "numPages": 947
    },
    {
      "id": "98",
      "name": "BookName98",
      "author": "Author98",
      "numPages": 906
    },
    {
      "id": "99",
      "name": "BookName99",
      "author": "Author99",
      "numPages": 852
    },
    {
      "id": "100",
      "name": "BookName100",
      "author": "Author100",
      "numPages": 731
    },
    {
      "id": "101",
      "name": "BookName101",
      "author": "Author101",
      "numPages": 287
    },
    {
      "id": "102",
      "name": "BookName102",
      "author": "Author102",
      "numPages": 844
    },
    {
      "id": "103",
      "name": "BookName103",
      "author": "Author103",
      "numPages": 312
    },
    {
      "id": "104",
      "name": "BookName104",
      "author": "Author104",
      "numPages": 372
    },
    {
      "id": "105",
      "name": "BookName105",
      "author": "Author105",
      "numPages": 160
    },
    {
      "id": "106",
      "name": "BookName106",
      "author": "Author106",
      "numPages": 306
    },
    {
      "id": "107",
      "name": "BookName107",
      "author": "Author107",
      "numPages": 484
    },
    {
      "id": "108",
      "name": "BookName108",
      "author": "Author108",
      "numPages": 595
    },
    {
      "id": "109",
      "name": "BookName109",
      "author": "Author109",
      "numPages": 809
    },
    {
      "id": "110",
      "name": "BookName110",
      "author": "Author110",
      "numPages": 766
    },
    {
      "id": "111",
      "name": "BookName111",
      "author": "Author111",
      "numPages": 902
    },
    {
      "id": "112",
      "name": "BookName112",
      "author": "Author112",
      "numPages": 265
    },
    {
      "id": "113",
      "name": "BookName113",
      "author": "Author113",
      "numPages": 387
    },
    {
      "id": "114",
      "name": "BookName114",
      "author": "Author114",
      "numPages": 725
    },
    {
      "id": "115",
      "name": "BookName115",
      "author": "Author115",
      "numPages": 351
    },
    {
      "id": "116",
      "name": "BookName116",
      "author": "Author116",
      "numPages": 1088
    },
    {
      "id": "117",
      "name": "BookName117",
      "author": "Author117",
      "numPages": 968
    },
    {
      "id": "118",
      "name": "BookName118",
      "author": "Author118",
      "numPages": 279
    },
    {
      "id": "119",
      "name": "BookName119",
      "author": "Author119",
      "numPages": 759
    },
    {
      "id": "120",
      "name": "BookName120",
      "author": "Author120",
      "numPages": 992
    },
    {
      "id": "121",
      "name": "BookName121",
      "author": "Author121",
      "numPages": 958
    },
    {
      "id": "122",
      "name": "BookName122",
      "author": "Author122",
      "numPages": 123
    },
    {
      "id": "123",
      "name": "BookName123",
      "author": "Author123",
      "numPages": 100
    },
    {
      "id": "124",
      "name": "BookName124",
      "author": "Author124",
      "numPages": 845
    },
    {
      "id": "125",
      "name": "BookName125",
      "author": "Author125",
      "numPages": 482
    },
    {
      "id": "126",
      "name": "BookName126",
      "author": "Author126",
      "numPages": 257
    },
    {
      "id": "127",
      "name": "BookName127",
      "author": "Author127",
      "numPages": 815
    },
    {
      "id": "128",
      "name": "BookName128",
      "author": "Author128",
      "numPages": 640
    },
    {
      "id": "129",
      "name": "BookName129",
      "author": "Author129",
      "numPages": 712
    },
    {
      "id": "130",
      "name": "BookName130",
      "author": "Author130",
      "numPages": 736
    },
    {
      "id": "131",
      "name": "BookName131",
      "author": "Author131",
      "numPages": 522
    },
    {
      "id": "132",
      "name": "BookName132",
      "author": "Author132",
      "numPages": 967
    },
    {
      "id": "133",
      "name": "BookName133",
      "author": "Author133",
      "numPages": 854
    },
    {
      "id": "134",
      "name": "BookName134",
      "author": "Author134",
      "numPages": 415
    },
    {
      "id": "135",
      "name": "BookName135",
      "author": "Author135",
      "numPages": 322
    },
    {
      "id": "136",
      "name": "BookName136",
      "author": "Author136",
      "numPages": 805
    },
    {
      "id": "137",
      "name": "BookName137",
      "author": "Author137",
      "numPages": 620
    },
    {
      "id": "138",
      "name": "BookName138",
      "author": "Author138",
      "numPages": 352
    },
    {
      "id": "139",
      "name": "BookName139",
      "author": "Author139",
      "numPages": 643
    },
    {
      "id": "140",
      "name": "BookName140",
      "author": "Author140",
      "numPages": 1028
    },
    {
      "id": "141",
      "name": "BookName141",
      "author": "Author141",
      "numPages": 238
    },
    {
      "id": "142",
      "name": "BookName142",
      "author": "Author142",
      "numPages": 296
    },
    {
      "id": "143",
      "name": "BookName143",
      "author": "Author143",
      "numPages": 423
    },
    {
      "id": "144",
      "name": "BookName144",
      "author": "Author144",
      "numPages": 838
    },
    {
      "id": "145",
      "name": "BookName145",
      "author": "Author145",
      "numPages": 694
    },
    {
      "id": "146",
      "name": "BookName146",
      "author": "Author146",
      "numPages": 226
    },
    {
      "id": "147",
      "name": "BookName147",
      "author": "Author147",
      "numPages": 208
    },
    {
      "id": "148",
      "name": "BookName148",
      "author": "Author148",
      "numPages": 784
    },
    {
      "id": "149",
      "name": "BookName149",
      "author": "Author149",
      "numPages": 354
    },
    {
      "id": "150",
      "name": "BookName150",
      "author": "Author150",
      "numPages": 768
    },
    {
      "id": "151",
      "name": "BookName151",
      "author": "Author151",
      "numPages": 973
    },
    {
      "id": "152",
      "name": "BookName152",
      "author": "Author152",
      "numPages": 509
    },
    {
      "id": "153",
      "name": "BookName153",
      "author": "Author153",
      "numPages": 555
    },
    {
      "id": "154",
      "name": "BookName154",
      "author": "Author154",
      "numPages": 1079
    },
    {
      "id": "155",
      "name": "BookName155",
      "author": "Author155",
      "numPages": 985
    },
    {
      "id": "156",
      "name": "BookName156",
      "author": "Author156",
      "numPages": 259
    },
    {
      "id": "157",
      "name": "BookName157",
      "author": "Author157",
      "numPages": 333
    },
    {
      "id": "158",
      "name": "BookName158",
      "author": "Author158",
      "numPages": 534
    },
    {
      "id": "159",
      "name": "BookName159",
      "author": "Author159",
      "numPages": 636
    },
    {
      "id": "160",
      "name": "BookName160",
      "author": "Author160",
      "numPages": 739
    },
    {
      "id": "161",
      "name": "BookName161",
      "author": "Author161",
      "numPages": 686
    },
    {
      "id": "162",
      "name": "BookName162",
      "author": "Author162",
      "numPages": 431
    },
    {
      "id": "163",
      "name": "BookName163",
      "author": "Author163",
      "numPages": 995
    },
    {
      "id": "164",
      "name": "BookName164",
      "author": "Author164",
      "numPages": 674
    },
    {
      "id": "165",
      "name": "BookName165",
      "author": "Author165",
      "numPages": 998
    },
    {
      "id": "166",
      "name": "BookName166",
      "author": "Author166",
      "numPages": 576
    },
    {
      "id": "167",
      "name": "BookName167",
      "author": "Author167",
      "numPages": 413
    },
    {
      "id": "168",
      "name": "BookName168",
      "author": "Author168",
      "numPages": 905
    },
    {
      "id": "169",
      "name": "BookName169",
      "author": "Author169",
      "numPages": 289
    },
    {
      "id": "170",
      "name": "BookName170",
      "author": "Author170",
      "numPages": 379
    },
    {
      "id": "171",
      "name": "BookName171",
      "author": "Author171",
      "numPages": 562
    },
    {
      "id": "172",
      "name": "BookName172",
      "author": "Author172",
      "numPages": 897
    },
    {
      "id": "173",
      "name": "BookName173",
      "author": "Author173",
      "numPages": 983
    },
    {
      "id": "174",
      "name": "BookName174",
      "author": "Author174",
      "numPages": 512
    },
    {
      "id": "175",
      "name": "BookName175",
      "author": "Author175",
      "numPages": 317
    },
    {
      "id": "176",
      "name": "BookName176",
      "author": "Author176",
      "numPages": 752
    },
    {
      "id": "177",
      "name": "BookName177",
      "author": "Author177",
      "numPages": 840
    },
    {
      "id": "178",
      "name": "BookName178",
      "author": "Author178",
      "numPages": 135
    },
    {
      "id": "179",
      "name": "BookName179",
      "author": "Author179",
      "numPages": 895
    },
    {
      "id": "180",
      "name": "BookName180",
      "author": "Author180",
      "numPages": 298
    },
    {
      "id": "181",
      "name": "BookName181",
      "author": "Author181",
      "numPages": 179
    },
    {
      "id": "182",
      "name": "BookName182",
      "author": "Author182",
      "numPages": 629
    },
    {
      "id": "183",
      "name": "BookName183",
      "author": "Author183",
      "numPages": 407
    },
    {
      "id": "184",
      "name": "BookName184",
      "author": "Author184",
      "numPages": 505
    },
    {
      "id": "185",
      "name": "BookName185",
      "author": "Author185",
      "numPages": 315
    },
    {
      "id": "186",
      "name": "BookName186",
      "author": "Author186",
      "numPages": 222
    },
    {
      "id": "187",
      "name": "BookName187",
      "author": "Author187",
      "numPages": 547
    },
    {
      "id": "188",
      "name": "BookName188",
      "author": "Author188",
      "numPages": 1095
    },
    {
      "id": "189",
      "name": "BookName189",
      "author": "Author189",
      "numPages": 1084
    },
    {
      "id": "190",
      "name": "BookName190",
      "author": "Author190",
      "numPages": 247
    },
    {
      "id": "191",
      "name": "BookName191",
      "author": "Author191",
      "numPages": 455
    },
    {
      "id": "192",
      "name": "BookName192",
      "author": "Author192",
      "numPages": 802
    },
    {
      "id": "193",
      "name": "BookName193",
      "author": "Author193",
      "numPages": 735
    },
    {
      "id": "194",
      "name": "BookName194",
      "author": "Author194",
      "numPages": 898
    },
    {
      "id": "195",
      "name": "BookName195",
      "author": "Author195",
      "numPages": 650
    },
    {
      "id": "196",
      "name": "BookName196",
      "author": "Author196",
      "numPages": 958
    },
    {
      "id": "197",
      "name": "BookName197",
      "author": "Author197",
      "numPages": 649
    },
    {
      "id": "198",
      "name": "BookName198",
      "author": "Author198",
      "numPages": 257
    },
    {
      "id": "199",
      "name": "BookName199",
      "author": "Author199",
      "numPages": 760
    },
    {
      "id": "200",
      "name": "BookName200",
      "author": "Author200",
      "numPages": 998
    },
    {
      "id": "201",
      "name": "BookName201",
      "author": "Author201",
      "numPages": 389
    },
    {
      "id": "202",
      "name": "BookName202",
      "author": "Author202",
      "numPages": 200
    },
    {
      "id": "203",
      "name": "BookName203",
      "author": "Author203",
      "numPages": 343
    },
    {
      "id": "204",
      "name": "BookName204",
      "author": "Author204",
      "numPages": 891
    },
    {
      "id": "205",
      "name": "BookName205",
      "author": "Author205",
      "numPages": 341
    },
    {
      "id": "206",
      "name": "BookName206",
      "author": "Author206",
      "numPages": 182
    },
    {
      "id": "207",
      "name": "BookName207",
      "author": "Author207",
      "numPages": 714
    },
    {
      "id": "208",
      "name": "BookName208",
      "author": "Author208",
      "numPages": 1074
    },
    {
      "id": "209",
      "name": "BookName209",
      "author": "Author209",
      "numPages": 552
    },
    {
      "id": "210",
      "name": "BookName210",
      "author": "Author210",
      "numPages": 286
    },
    {
      "id": "211",
      "name": "BookName211",
      "author": "Author211",
      "numPages": 907
    },
    {
      "id": "212",
      "name": "BookName212",
      "author": "Author212",
      "numPages": 708
    },
    {
      "id": "213",
      "name": "BookName213",
      "author": "Author213",
      "numPages": 190
    },
    {
      "id": "214",
      "name": "BookName214",
      "author": "Author214",
      "numPages": 106
    },
    {
      "id": "215",
      "name": "BookName215",
      "author": "Author215",
      "numPages": 375
    },
    {
      "id": "216",
      "name": "BookName216",
      "author": "Author216",
      "numPages": 654
    },
    {
      "id": "217",
      "name": "BookName217",
      "author": "Author217",
      "numPages": 751
    },
    {
      "id": "218",
      "name": "BookName218",
      "author": "Author218",
      "numPages": 333
    },
    {
      "id": "219",
      "name": "BookName219",
      "author": "Author219",
      "numPages": 399
    },
    {
      "id": "220",
      "name": "BookName220",
      "author": "Author220",
      "numPages": 359
    },
    {
      "id": "221",
      "name": "BookName221",
      "author": "Author221",
      "numPages": 924
    },
    {
      "id": "222",
      "name": "BookName222",
      "author": "Author222",
      "numPages": 700
    },
    {
      "id": "223",
      "name": "BookName223",
      "author": "Author223",
      "numPages": 643
    },
    {
      "id": "224",
      "name": "BookName224",
      "author": "Author224",
      "numPages": 801
    },
    {
      "id": "225",
      "name": "BookName225",
      "author": "Author225",
      "numPages": 922
    },
    {
      "id": "226",
      "name": "BookName226",
      "author": "Author226",
      "numPages": 653
    },
    {
      "id": "227",
      "name": "BookName227",
      "author": "Author227",
      "numPages": 895
    },
    {
      "id": "228",
      "name": "BookName228",
      "author": "Author228",
      "numPages": 700
    },
    {
      "id": "229",
      "name": "BookName229",
      "author": "Author229",
      "numPages": 315
    },
    {
      "id": "230",
      "name": "BookName230",
      "author": "Author230",
      "numPages": 169
    },
    {
      "id": "231",
      "name": "BookName231",
      "author": "Author231",
      "numPages": 536
    },
    {
      "id": "232",
      "name": "BookName232",
      "author": "Author232",
      "numPages": 314
    },
    {
      "id": "233",
      "name": "BookName233",
      "author": "Author233",
      "numPages": 280
    },
    {
      "id": "234",
      "name": "BookName234",
      "author": "Author234",
      "numPages": 278
    },
    {
      "id": "235",
      "name": "BookName235",
      "author": "Author235",
      "numPages": 191
    },
    {
      "id": "236",
      "name": "BookName236",
      "author": "Author236",
      "numPages": 164
    },
    {
      "id": "237",
      "name": "BookName237",
      "author": "Author237",
      "numPages": 757
    },
    {
      "id": "238",
      "name": "BookName238",
      "author": "Author238",
      "numPages": 135
    },
    {
      "id": "239",
      "name": "BookName239",
      "author": "Author239",
      "numPages": 700
    },
    {
      "id": "240",
      "name": "BookName240",
      "author": "Author240",
      "numPages": 106
    },
    {
      "id": "241",
      "name": "BookName241",
      "author": "Author241",
      "numPages": 727
    },
    {
      "id": "242",
      "name": "BookName242",
      "author": "Author242",
      "numPages": 563
    },
    {
      "id": "243",
      "name": "BookName243",
      "author": "Author243",
      "numPages": 1036
    },
    {
      "id": "244",
      "name": "BookName244",
      "author": "Author244",
      "numPages": 878
    },
    {
      "id": "245",
      "name": "BookName245",
      "author": "Author245",
      "numPages": 916
    },
    {
      "id": "246",
      "name": "BookName246",
      "author": "Author246",
      "numPages": 215
    },
    {
      "id": "247",
      "name": "BookName247",
      "author": "Author247",
      "numPages": 402
    },
    {
      "id": "248",
      "name": "BookName248",
      "author": "Author248",
      "numPages": 195
    },
    {
      "id": "249",
      "name": "BookName249",
      "author": "Author249",
      "numPages": 447
    },
    {
      "id": "250",
      "name": "BookName250",
      "author": "Author250",
      "numPages": 727
    },
    {
      "id": "251",
      "name": "BookName251",
      "author": "Author251",
      "numPages": 899
    },
    {
      "id": "252",
      "name": "BookName252",
      "author": "Author252",
      "numPages": 444
    },
    {
      "id": "253",
      "name": "BookName253",
      "author": "Author253",
      "numPages": 368
    },
    {
      "id": "254",
      "name": "BookName254",
      "author": "Author254",
      "numPages": 293
    },
    {
      "id": "255",
      "name": "BookName255",
      "author": "Author255",
      "numPages": 827
    },
    {
      "id": "256",
      "name": "BookName256",
      "author": "Author256",
      "numPages": 630
    },
    {
      "id": "257",
      "name": "BookName257",
      "author": "Author257",
      "numPages": 704
    },
    {
      "id": "258",
      "name": "BookName258",
      "author": "Author258",
      "numPages": 641
    },
    {
      "id": "259",
      "name": "BookName259",
      "author": "Author259",
      "numPages": 321
    },
    {
      "id": "260",
      "name": "BookName260",
      "author": "Author260",
      "numPages": 890
    },
    {
      "id": "261",
      "name": "BookName261",
      "author": "Author261",
      "numPages": 910
    },
    {
      "id": "262",
      "name": "BookName262",
      "author": "Author262",
      "numPages": 359
    },
    {
      "id": "263",
      "name": "BookName263",
      "author": "Author263",
      "numPages": 502
    },
    {
      "id": "264",
      "name": "BookName264",
      "author": "Author264",
      "numPages": 517
    },
    {
      "id": "265",
      "name": "BookName265",
      "author": "Author265",
      "numPages": 490
    },
    {
      "id": "266",
      "name": "BookName266",
      "author": "Author266",
      "numPages": 707
    },
    {
      "id": "267",
      "name": "BookName267",
      "author": "Author267",
      "numPages": 791
    },
    {
      "id": "268",
      "name": "BookName268",
      "author": "Author268",
      "numPages": 985
    },
    {
      "id": "269",
      "name": "BookName269",
      "author": "Author269",
      "numPages": 681
    },
    {
      "id": "270",
      "name": "BookName270",
      "author": "Author270",
      "numPages": 117
    },
    {
      "id": "271",
      "name": "BookName271",
      "author": "Author271",
      "numPages": 539
    },
    {
      "id": "272",
      "name": "BookName272",
      "author": "Author272",
      "numPages": 393
    },
    {
      "id": "273",
      "name": "BookName273",
      "author": "Author273",
      "numPages": 201
    },
    {
      "id": "274",
      "name": "BookName274",
      "author": "Author274",
      "numPages": 872
    },
    {
      "id": "275",
      "name": "BookName275",
      "author": "Author275",
      "numPages": 144
    },
    {
      "id": "276",
      "name": "BookName276",
      "author": "Author276",
      "numPages": 197
    },
    {
      "id": "277",
      "name": "BookName277",
      "author": "Author277",
      "numPages": 274
    },
    {
      "id": "278",
      "name": "BookName278",
      "author": "Author278",
      "numPages": 959
    },
    {
      "id": "279",
      "name": "BookName279",
      "author": "Author279",
      "numPages": 172
    },
    {
      "id": "280",
      "name": "BookName280",
      "author": "Author280",
      "numPages": 297
    },
    {
      "id": "281",
      "name": "BookName281",
      "author": "Author281",
      "numPages": 1063
    },
    {
      "id": "282",
      "name": "BookName282",
      "author": "Author282",
      "numPages": 989
    },
    {
      "id": "283",
      "name": "BookName283",
      "author": "Author283",
      "numPages": 213
    },
    {
      "id": "284",
      "name": "BookName284",
      "author": "Author284",
      "numPages": 1084
    },
    {
      "id": "285",
      "name": "BookName285",
      "author": "Author285",
      "numPages": 1091
    },
    {
      "id": "286",
      "name": "BookName286",
      "author": "Author286",
      "numPages": 466
    },
    {
      "id": "287",
      "name": "BookName287",
      "author": "Author287",
      "numPages": 278
    },
    {
      "id": "288",
      "name": "BookName288",
      "author": "Author288",
      "numPages": 576
    },
    {
      "id": "289",
      "name": "BookName289",
      "author": "Author289",
      "numPages": 247
    },
    {
      "id": "290",
      "name": "BookName290",
      "author": "Author290",
      "numPages": 229
    },
    {
      "id": "291",
      "name": "BookName291",
      "author": "Author291",
      "numPages": 487
    },
    {
      "id": "292",
      "name": "BookName292",
      "author": "Author292",
      "numPages": 189
    },
    {
      "id": "293",
      "name": "BookName293",
      "author": "Author293",
      "numPages": 990
    },
    {
      "id": "294",
      "name": "BookName294",
      "author": "Author294",
      "numPages": 1057
    },
    {
      "id": "295",
      "name": "BookName295",
      "author": "Author295",
      "numPages": 812
    },
    {
      "id": "296",
      "name": "BookName296",
      "author": "Author296",
      "numPages": 619
    },
    {
      "id": "297",
      "name": "BookName297",
      "author": "Author297",
      "numPages": 303
    },
    {
      "id": "298",
      "name": "BookName298",
      "author": "Author298",
      "numPages": 466
    },
    {
      "id": "299",
      "name": "BookName299",
      "author": "Author299",
      "numPages": 162
    },
    {
      "id": "300",
      "name": "BookName300",
      "author": "Author300",
      "numPages": 950
    },
    {
      "id": "301",
      "name": "BookName301",
      "author": "Author301",
      "numPages": 401
    },
    {
      "id": "302",
      "name": "BookName302",
      "author": "Author302",
      "numPages": 746
    },
    {
      "id": "303",
      "name": "BookName303",
      "author": "Author303",
      "numPages": 173
    },
    {
      "id": "304",
      "name": "BookName304",
      "author": "Author304",
      "numPages": 622
    },
    {
      "id": "305",
      "name": "BookName305",
      "author": "Author305",
      "numPages": 237
    },
    {
      "id": "306",
      "name": "BookName306",
      "author": "Author306",
      "numPages": 279
    },
    {
      "id": "307",
      "name": "BookName307",
      "author": "Author307",
      "numPages": 193
    },
    {
      "id": "308",
      "name": "BookName308",
      "author": "Author308",
      "numPages": 206
    },
    {
      "id": "309",
      "name": "BookName309",
      "author": "Author309",
      "numPages": 943
    },
    {
      "id": "310",
      "name": "BookName310",
      "author": "Author310",
      "numPages": 449
    },
    {
      "id": "311",
      "name": "BookName311",
      "author": "Author311",
      "numPages": 337
    },
    {
      "id": "312",
      "name": "BookName312",
      "author": "Author312",
      "numPages": 428
    },
    {
      "id": "313",
      "name": "BookName313",
      "author": "Author313",
      "numPages": 296
    },
    {
      "id": "314",
      "name": "BookName314",
      "author": "Author314",
      "numPages": 310
    },
    {
      "id": "315",
      "name": "BookName315",
      "author": "Author315",
      "numPages": 825
    },
    {
      "id": "316",
      "name": "BookName316",
      "author": "Author316",
      "numPages": 705
    },
    {
      "id": "317",
      "name": "BookName317",
      "author": "Author317",
      "numPages": 588
    },
    {
      "id": "318",
      "name": "BookName318",
      "author": "Author318",
      "numPages": 898
    },
    {
      "id": "319",
      "name": "BookName319",
      "author": "Author319",
      "numPages": 852
    },
    {
      "id": "320",
      "name": "BookName320",
      "author": "Author320",
      "numPages": 165
    },
    {
      "id": "321",
      "name": "BookName321",
      "author": "Author321",
      "numPages": 804
    },
    {
      "id": "322",
      "name": "BookName322",
      "author": "Author322",
      "numPages": 155
    },
    {
      "id": "323",
      "name": "BookName323",
      "author": "Author323",
      "numPages": 640
    },
    {
      "id": "324",
      "name": "BookName324",
      "author": "Author324",
      "numPages": 228
    },
    {
      "id": "325",
      "name": "BookName325",
      "author": "Author325",
      "numPages": 766
    },
    {
      "id": "326",
      "name": "BookName326",
      "author": "Author326",
      "numPages": 738
    },
    {
      "id": "327",
      "name": "BookName327",
      "author": "Author327",
      "numPages": 609
    },
    {
      "id": "328",
      "name": "BookName328",
      "author": "Author328",
      "numPages": 245
    },
    {
      "id": "329",
      "name": "BookName329",
      "author": "Author329",
      "numPages": 492
    },
    {
      "id": "330",
      "name": "BookName330",
      "author": "Author330",
      "numPages": 210
    },
    {
      "id": "331",
      "name": "BookName331",
      "author": "Author331",
      "numPages": 428
    },
    {
      "id": "332",
      "name": "BookName332",
      "author": "Author332",
      "numPages": 364
    },
    {
      "id": "333",
      "name": "BookName333",
      "author": "Author333",
      "numPages": 1068
    },
    {
      "id": "334",
      "name": "BookName334",
      "author": "Author334",
      "numPages": 900
    },
    {
      "id": "335",
      "name": "BookName335",
      "author": "Author335",
      "numPages": 834
    },
    {
      "id": "336",
      "name": "BookName336",
      "author": "Author336",
      "numPages": 656
    },
    {
      "id": "337",
      "name": "BookName337",
      "author": "Author337",
      "numPages": 874
    },
    {
      "id": "338",
      "name": "BookName338",
      "author": "Author338",
      "numPages": 551
    },
    {
      "id": "339",
      "name": "BookName339",
      "author": "Author339",
      "numPages": 1057
    },
    {
      "id": "340",
      "name": "BookName340",
      "author": "Author340",
      "numPages": 181
    },
    {
      "id": "341",
      "name": "BookName341",
      "author": "Author341",
      "numPages": 621
    },
    {
      "id": "342",
      "name": "BookName342",
      "author": "Author342",
      "numPages": 872
    },
    {
      "id": "343",
      "name": "BookName343",
      "author": "Author343",
      "numPages": 742
    },
    {
      "id": "344",
      "name": "BookName344",
      "author": "Author344",
      "numPages": 765
    },
    {
      "id": "345",
      "name": "BookName345",
      "author": "Author345",
      "numPages": 332
    },
    {
      "id": "346",
      "name": "BookName346",
      "author": "Author346",
      "numPages": 1026
    },
    {
      "id": "347",
      "name": "BookName347",
      "author": "Author347",
      "numPages": 143
    },
    {
      "id": "348",
      "name": "BookName348",
      "author": "Author348",
      "numPages": 265
    },
    {
      "id": "349",
      "name": "BookName349",
      "author": "Author349",
      "numPages": 515
    },
    {
      "id": "350",
      "name": "BookName350",
      "author": "Author350",
      "numPages": 470
    },
    {
      "id": "351",
      "name": "BookName351",
      "author": "Author351",
      "numPages": 141
    },
    {
      "id": "352",
      "name": "BookName352",
      "author": "Author352",
      "numPages": 404
    },
    {
      "id": "353",
      "name": "BookName353",
      "author": "Author353",
      "numPages": 829
    },
    {
      "id": "354",
      "name": "BookName354",
      "author": "Author354",
      "numPages": 1076
    },
    {
      "id": "355",
      "name": "BookName355",
      "author": "Author355",
      "numPages": 434
    },
    {
      "id": "356",
      "name": "BookName356",
      "author": "Author356",
      "numPages": 778
    },
    {
      "id": "357",
      "name": "BookName357",
      "author": "Author357",
      "numPages": 396
    },
    {
      "id": "358",
      "name": "BookName358",
      "author": "Author358",
      "numPages": 279
    },
    {
      "id": "359",
      "name": "BookName359",
      "author": "Author359",
      "numPages": 1078
    },
    {
      "id": "360",
      "name": "BookName360",
      "author": "Author360",
      "numPages": 691
    },
    {
      "id": "361",
      "name": "BookName361",
      "author": "Author361",
      "numPages": 179
    },
    {
      "id": "362",
      "name": "BookName362",
      "author": "Author362",
      "numPages": 955
    },
    {
      "id": "363",
      "name": "BookName363",
      "author": "Author363",
      "numPages": 844
    },
    {
      "id": "364",
      "name": "BookName364",
      "author": "Author364",
      "numPages": 781
    },
    {
      "id": "365",
      "name": "BookName365",
      "author": "Author365",
      "numPages": 100
    },
    {
      "id": "366",
      "name": "BookName366",
      "author": "Author366",
      "numPages": 1057
    },
    {
      "id": "367",
      "name": "BookName367",
      "author": "Author367",
      "numPages": 552
    },
    {
      "id": "368",
      "name": "BookName368",
      "author": "Author368",
      "numPages": 807
    },
    {
      "id": "369",
      "name": "BookName369",
      "author": "Author369",
      "numPages": 534
    },
    {
      "id": "370",
      "name": "BookName370",
      "author": "Author370",
      "numPages": 104
    },
    {
      "id": "371",
      "name": "BookName371",
      "author": "Author371",
      "numPages": 550
    },
    {
      "id": "372",
      "name": "BookName372",
      "author": "Author372",
      "numPages": 1094
    },
    {
      "id": "373",
      "name": "BookName373",
      "author": "Author373",
      "numPages": 211
    },
    {
      "id": "374",
      "name": "BookName374",
      "author": "Author374",
      "numPages": 858
    },
    {
      "id": "375",
      "name": "BookName375",
      "author": "Author375",
      "numPages": 175
    },
    {
      "id": "376",
      "name": "BookName376",
      "author": "Author376",
      "numPages": 1007
    },
    {
      "id": "377",
      "name": "BookName377",
      "author": "Author377",
      "numPages": 932
    },
    {
      "id": "378",
      "name": "BookName378",
      "author": "Author378",
      "numPages": 808
    },
    {
      "id": "379",
      "name": "BookName379",
      "author": "Author379",
      "numPages": 792
    },
    {
      "id": "380",
      "name": "BookName380",
      "author": "Author380",
      "numPages": 976
    },
    {
      "id": "381",
      "name": "BookName381",
      "author": "Author381",
      "numPages": 684
    },
    {
      "id": "382",
      "name": "BookName382",
      "author": "Author382",
      "numPages": 864
    },
    {
      "id": "383",
      "name": "BookName383",
      "author": "Author383",
      "numPages": 798
    },
    {
      "id": "384",
      "name": "BookName384",
      "author": "Author384",
      "numPages": 1041
    },
    {
      "id": "385",
      "name": "BookName385",
      "author": "Author385",
      "numPages": 316
    },
    {
      "id": "386",
      "name": "BookName386",
      "author": "Author386",
      "numPages": 243
    },
    {
      "id": "387",
      "name": "BookName387",
      "author": "Author387",
      "numPages": 670
    },
    {
      "id": "388",
      "name": "BookName388",
      "author": "Author388",
      "numPages": 158
    },
    {
      "id": "389",
      "name": "BookName389",
      "author": "Author389",
      "numPages": 663
    },
    {
      "id": "390",
      "name": "BookName390",
      "author": "Author390",
      "numPages": 912
    },
    {
      "id": "391",
      "name": "BookName391",
      "author": "Author391",
      "numPages": 193
    },
    {
      "id": "392",
      "name": "BookName392",
      "author": "Author392",
      "numPages": 265
    },
    {
      "id": "393",
      "name": "BookName393",
      "author": "Author393",
      "numPages": 796
    },
    {
      "id": "394",
      "name": "BookName394",
      "author": "Author394",
      "numPages": 1003
    },
    {
      "id": "395",
      "name": "BookName395",
      "author": "Author395",
      "numPages": 1049
    },
    {
      "id": "396",
      "name": "BookName396",
      "author": "Author396",
      "numPages": 687
    },
    {
      "id": "397",
      "name": "BookName397",
      "author": "Author397",
      "numPages": 833
    },
    {
      "id": "398",
      "name": "BookName398",
      "author": "Author398",
      "numPages": 251
    },
    {
      "id": "399",
      "name": "BookName399",
      "author": "Author399",
      "numPages": 934
    },
    {
      "id": "400",
      "name": "BookName400",
      "author": "Author400",
      "numPages": 1039
    },
    {
      "id": "401",
      "name": "BookName401",
      "author": "Author401",
      "numPages": 194
    },
    {
      "id": "402",
      "name": "BookName402",
      "author": "Author402",
      "numPages": 541
    },
    {
      "id": "403",
      "name": "BookName403",
      "author": "Author403",
      "numPages": 192
    },
    {
      "id": "404",
      "name": "BookName404",
      "author": "Author404",
      "numPages": 819
    },
    {
      "id": "405",
      "name": "BookName405",
      "author": "Author405",
      "numPages": 948
    },
    {
      "id": "406",
      "name": "BookName406",
      "author": "Author406",
      "numPages": 609
    },
    {
      "id": "407",
      "name": "BookName407",
      "author": "Author407",
      "numPages": 800
    },
    {
      "id": "408",
      "name": "BookName408",
      "author": "Author408",
      "numPages": 542
    },
    {
      "id": "409",
      "name": "BookName409",
      "author": "Author409",
      "numPages": 816
    },
    {
      "id": "410",
      "name": "BookName410",
      "author": "Author410",
      "numPages": 578
    },
    {
      "id": "411",
      "name": "BookName411",
      "author": "Author411",
      "numPages": 688
    },
    {
      "id": "412",
      "name": "BookName412",
      "author": "Author412",
      "numPages": 533
    },
    {
      "id": "413",
      "name": "BookName413",
      "author": "Author413",
      "numPages": 206
    },
    {
      "id": "414",
      "name": "BookName414",
      "author": "Author414",
      "numPages": 812
    },
    {
      "id": "415",
      "name": "BookName415",
      "author": "Author415",
      "numPages": 508
    },
    {
      "id": "416",
      "name": "BookName416",
      "author": "Author416",
      "numPages": 309
    },
    {
      "id": "417",
      "name": "BookName417",
      "author": "Author417",
      "numPages": 343
    },
    {
      "id": "418",
      "name": "BookName418",
      "author": "Author418",
      "numPages": 712
    },
    {
      "id": "419",
      "name": "BookName419",
      "author": "Author419",
      "numPages": 871
    },
    {
      "id": "420",
      "name": "BookName420",
      "author": "Author420",
      "numPages": 1071
    },
    {
      "id": "421",
      "name": "BookName421",
      "author": "Author421",
      "numPages": 209
    },
    {
      "id": "422",
      "name": "BookName422",
      "author": "Author422",
      "numPages": 204
    },
    {
      "id": "423",
      "name": "BookName423",
      "author": "Author423",
      "numPages": 809
    },
    {
      "id": "424",
      "name": "BookName424",
      "author": "Author424",
      "numPages": 176
    },
    {
      "id": "425",
      "name": "BookName425",
      "author": "Author425",
      "numPages": 796
    },
    {
      "id": "426",
      "name": "BookName426",
      "author": "Author426",
      "numPages": 995
    },
    {
      "id": "427",
      "name": "BookName427",
      "author": "Author427",
      "numPages": 812
    },
    {
      "id": "428",
      "name": "BookName428",
      "author": "Author428",
      "numPages": 616
    },
    {
      "id": "429",
      "name": "BookName429",
      "author": "Author429",
      "numPages": 211
    },
    {
      "id": "430",
      "name": "BookName430",
      "author": "Author430",
      "numPages": 691
    },
    {
      "id": "431",
      "name": "BookName431",
      "author": "Author431",
      "numPages": 1087
    },
    {
      "id": "432",
      "name": "BookName432",
      "author": "Author432",
      "numPages": 598
    },
    {
      "id": "433",
      "name": "BookName433",
      "author": "Author433",
      "numPages": 455
    },
    {
      "id": "434",
      "name": "BookName434",
      "author": "Author434",
      "numPages": 173
    },
    {
      "id": "435",
      "name": "BookName435",
      "author": "Author435",
      "numPages": 1099
    },
    {
      "id": "436",
      "name": "BookName436",
      "author": "Author436",
      "numPages": 1016
    },
    {
      "id": "437",
      "name": "BookName437",
      "author": "Author437",
      "numPages": 658
    },
    {
      "id": "438",
      "name": "BookName438",
      "author": "Author438",
      "numPages": 486
    },
    {
      "id": "439",
      "name": "BookName439",
      "author": "Author439",
      "numPages": 795
    },
    {
      "id": "440",
      "name": "BookName440",
      "author": "Author440",
      "numPages": 569
    },
    {
      "id": "441",
      "name": "BookName441",
      "author": "Author441",
      "numPages": 932
    },
    {
      "id": "442",
      "name": "BookName442",
      "author": "Author442",
      "numPages": 209
    },
    {
      "id": "443",
      "name": "BookName443",
      "author": "Author443",
      "numPages": 857
    },
    {
      "id": "444",
      "name": "BookName444",
      "author": "Author444",
      "numPages": 415
    },
    {
      "id": "445",
      "name": "BookName445",
      "author": "Author445",
      "numPages": 348
    },
    {
      "id": "446",
      "name": "BookName446",
      "author": "Author446",
      "numPages": 635
    },
    {
      "id": "447",
      "name": "BookName447",
      "author": "Author447",
      "numPages": 100
    },
    {
      "id": "448",
      "name": "BookName448",
      "author": "Author448",
      "numPages": 370
    },
    {
      "id": "449",
      "name": "BookName449",
      "author": "Author449",
      "numPages": 773
    },
    {
      "id": "450",
      "name": "BookName450",
      "author": "Author450",
      "numPages": 1031
    },
    {
      "id": "451",
      "name": "BookName451",
      "author": "Author451",
      "numPages": 692
    },
    {
      "id": "452",
      "name": "BookName452",
      "author": "Author452",
      "numPages": 1085
    },
    {
      "id": "453",
      "name": "BookName453",
      "author": "Author453",
      "numPages": 853
    },
    {
      "id": "454",
      "name": "BookName454",
      "author": "Author454",
      "numPages": 197
    },
    {
      "id": "455",
      "name": "BookName455",
      "author": "Author455",
      "numPages": 775
    },
    {
      "id": "456",
      "name": "BookName456",
      "author": "Author456",
      "numPages": 518
    },
    {
      "id": "457",
      "name": "BookName457",
      "author": "Author457",
      "numPages": 232
    },
    {
      "id": "458",
      "name": "BookName458",
      "author": "Author458",
      "numPages": 300
    },
    {
      "id": "459",
      "name": "BookName459",
      "author": "Author459",
      "numPages": 902
    },
    {
      "id": "460",
      "name": "BookName460",
      "author": "Author460",
      "numPages": 963
    },
    {
      "id": "461",
      "name": "BookName461",
      "author": "Author461",
      "numPages": 272
    },
    {
      "id": "462",
      "name": "BookName462",
      "author": "Author462",
      "numPages": 877
    },
    {
      "id": "463",
      "name": "BookName463",
      "author": "Author463",
      "numPages": 251
    },
    {
      "id": "464",
      "name": "BookName464",
      "author": "Author464",
      "numPages": 923
    },
    {
      "id": "465",
      "name": "BookName465",
      "author": "Author465",
      "numPages": 355
    },
    {
      "id": "466",
      "name": "BookName466",
      "author": "Author466",
      "numPages": 254
    },
    {
      "id": "467",
      "name": "BookName467",
      "author": "Author467",
      "numPages": 861
    },
    {
      "id": "468",
      "name": "BookName468",
      "author": "Author468",
      "numPages": 376
    },
    {
      "id": "469",
      "name": "BookName469",
      "author": "Author469",
      "numPages": 1066
    },
    {
      "id": "470",
      "name": "BookName470",
      "author": "Author470",
      "numPages": 238
    },
    {
      "id": "471",
      "name": "BookName471",
      "author": "Author471",
      "numPages": 965
    },
    {
      "id": "472",
      "name": "BookName472",
      "author": "Author472",
      "numPages": 714
    },
    {
      "id": "473",
      "name": "BookName473",
      "author": "Author473",
      "numPages": 723
    },
    {
      "id": "474",
      "name": "BookName474",
      "author": "Author474",
      "numPages": 325
    },
    {
      "id": "475",
      "name": "BookName475",
      "author": "Author475",
      "numPages": 1037
    },
    {
      "id": "476",
      "name": "BookName476",
      "author": "Author476",
      "numPages": 378
    },
    {
      "id": "477",
      "name": "BookName477",
      "author": "Author477",
      "numPages": 177
    },
    {
      "id": "478",
      "name": "BookName478",
      "author": "Author478",
      "numPages": 804
    },
    {
      "id": "479",
      "name": "BookName479",
      "author": "Author479",
      "numPages": 659
    },
    {
      "id": "480",
      "name": "BookName480",
      "author": "Author480",
      "numPages": 156
    },
    {
      "id": "481",
      "name": "BookName481",
      "author": "Author481",
      "numPages": 164
    },
    {
      "id": "482",
      "name": "BookName482",
      "author": "Author482",
      "numPages": 693
    },
    {
      "id": "483",
      "name": "BookName483",
      "author": "Author483",
      "numPages": 416
    },
    {
      "id": "484",
      "name": "BookName484",
      "author": "Author484",
      "numPages": 460
    },
    {
      "id": "485",
      "name": "BookName485",
      "author": "Author485",
      "numPages": 215
    },
    {
      "id": "486",
      "name": "BookName486",
      "author": "Author486",
      "numPages": 103
    },
    {
      "id": "487",
      "name": "BookName487",
      "author": "Author487",
      "numPages": 774
    },
    {
      "id": "488",
      "name": "BookName488",
      "author": "Author488",
      "numPages": 124
    },
    {
      "id": "489",
      "name": "BookName489",
      "author": "Author489",
      "numPages": 315
    },
    {
      "id": "490",
      "name": "BookName490",
      "author": "Author490",
      "numPages": 843
    },
    {
      "id": "491",
      "name": "BookName491",
      "author": "Author491",
      "numPages": 951
    },
    {
      "id": "492",
      "name": "BookName492",
      "author": "Author492",
      "numPages": 427
    },
    {
      "id": "493",
      "name": "BookName493",
      "author": "Author493",
      "numPages": 174
    },
    {
      "id": "494",
      "name": "BookName494",
      "author": "Author494",
      "numPages": 578
    },
    {
      "id": "495",
      "name": "BookName495",
      "author": "Author495",
      "numPages": 1009
    },
    {
      "id": "496",
      "name": "BookName496",
      "author": "Author496",
      "numPages": 987
    },
    {
      "id": "497",
      "name": "BookName497",
      "author": "Author497",
      "numPages": 272
    },
    {
      "id": "498",
      "name": "BookName498",
      "author": "Author498",
      "numPages": 463
    },
    {
      "id": "499",
      "name": "BookName499",
      "author": "Author499",
      "numPages": 1081
    },
    {
      "id": "500",
      "name": "BookName500",
      "author": "Author500",
      "numPages": 986
    }
  ]
}